alias schule_ahilbig André Hilbig <schule@ahilbig.de>
alias schule_spittank Daniel Spittank <schule@spittank.info>
alias johannes_pieper Johannes Pieper <johannes_pieper@yahoo.de>
alias tennisschuleSchneider Tennisschule Schneider <info@tennisschuleschneider.de>
alias support-team Support Sophie-Scholl <sos-team@sophie-scholl-gesamtschule.de>
alias LutzPetri Lutz Petri <LutzPetri@gmx.de>
alias TomDüringHehner Thomas Hehner <claude_tom@yahoo.de>
alias ConnyNicksch Cornelia Nicksch <nicksch.hc@t-online.de>
alias Pötters191012SophieScholl Sophie-Scholl-Gesamtschule Remscheid <191012@schule.nrw.de>
alias Christian.Kuhne \"Christian.Kuhne\" <Christian.Kuhne@sophie-rs.de>
alias jennifer_meyer631988 jennifer_meyer631988@gmx.de
alias matthias.stoecker \"Stöcker, Matthias  (22102994)\" <matthias.stoecker@horbach.de>
alias ronja_huettemann2 Ronja Hüttemann <ronja_huettemann2@web.de>
alias karinfischbach Karin Fischbach <karinfischbach@yahoo.de>
alias rene.dohr René Dohr Live <rene.dohr@live.de>
alias Karsten.Dohmen \"Dohmen, Karsten\" <Karsten.Dohmen@remscheid.de>
alias Christian.Grams-Vitzer \"Grams-Vitzer, Christian\" <Christian.Grams-Vitzer@remscheid.de>
alias lars.hermann Lars Hermann <larsher08@gmail.com>
